"","x"
"1","DELL"
"2","HPQ"
"3","MMM"
"4","AME"
"5","ARNC"
"6","CR"
"7","CMI"
"8","DCI"
"9","DOV"
"10","FLS"
"11","GNRC"
"12","HON"
"13","IEX"
"14","IR"
"15","ITT"
"16","LII"
"17","LXFR"
"18","PH"
"19","ROK"
"20","ROP"
"21","XYL"
"22","DDE"
"23","WUBA"
"24","CRCM"
"25","AMT"
"26","BCE"
"27","BT"
"28","CABO"
"29","CEL"
"30","CHL"
"31","CHA"
"32","CHT"
"33","IDT"
"34","I"
"35","KT"
"36","RCI"
"37","SKM"
"38","S"
"39","VIV"
"40","TDS"
"41","USM"
"42","VZ"
"43","AHC"
"44","MDP"
"45","NYT"
"46","PSO"
"47","GCI"
"48","EVTC"
"49","FICO"
"50","ORCL"
"51","SAIL"
"52","RUBI"
"53","VMW"
"54","CYH"
"55","EHC"
"56","HNGR"
"57","HCA"
"58","USPH"
"59","UHS"
"60","AJRD"
"61","BA"
"62","DCO"
"63","AAN"
"64","ABT"
"65","BSX"
"66","CRY"
"67","EW"
"68","INSP"
"69","ITGR"
"70","MDT"
"71","SNN"
"72","ZBH"
"73","AZN"
"74","LLY"
"75","MRK"
"76","NVS"
"77","PFE"
"78","BOOT"
"79","DSW"
"80","GCO"
"81","GES"
"82","TLYS"
"83","TJX"
"84","ADX"
"85","AKP"
"86","AWF"
"87","AB"
"88","ARES"
"89","MCI"
"90","MPV"
"91","BGIO"
"92","BHK"
"93","BTZ"
"94","EGF"
"95","BFO"
"96","BME"
"97","BAF"
"98","BKT"
"99","BTA"
"100","BZM"
"101","MUI"
"102","MNE"
"103","MUA"
"104","BKK"
"105","BBF"
"106","BYM"
"107","BFK"
"108","MUH"
"109","MFL"
"110","MUJ"
"111","MHN"
"112","MUE"
"113","MYC"
"114","MYD"
"115","MYF"
"116","MFT"
"117","MIY"
"118","MYN"
"119","BNY"
"120","BQH"
"121","BSE"
"122","BFY"
"123","BUI"
"124","BHV"
"125","BAM"
"126","UTF"
"127","CXE"
"128","CMU"
"129","DDF"
"130","DMB"
"131","LEO"
"132","DNP"
"133","ECCA"
"134","ECCB"
"135","EHT"
"136","ETX"
"137","EOT"
"138","EVF"
"139","EVG"
"140","EXD"
"141","FII"
"142","FMY"
"143","FSD"
"144","FGB"
"145","PFO"
"146","FT"
"147","GUT"
"148","GBAB"
"149","PCF"
"150","INSI"
"151","VBF"
"152","VCV"
"153","IHIT"
"154","VLT"
"155","OIA"
"156","VPV"
"157","VVR"
"158","VTN"
"159","IIM"
"160","JHS"
"161","PDT"
"162","HTD"
"163","MFD"
"164","MAIN"
"165","MMD"
"166","MCC"
"167","MDLY"
"168","MFAC"
"169","MSB"
"170","MCR"
"171","MGF"
"172","MIN"
"173","MMT"
"174","MFM"
"175","MSD"
"176","MVF"
"177","MVC"
"178","HYB"
"179","NMFC"
"180","NHF"
"181","NUV"
"182","NUW"
"183","NCB"
"184","NCA"
"185","NTC"
"186","JCO"
"187","JQC"
"188","NEV"
"189","NKG"
"190","JHY"
"191","NXC"
"192","NXN"
"193","NID"
"194","NMY"
"195","NMT"
"196","NUM"
"197","JLS"
"198","NHA"
"199","NJV"
"200","NXJ"
"201","NYV"
"202","NNY"
"203","NAN"
"204","NNC"
"205","NUO"
"206","NQP"
"207","NIM"
"208","NXP"
"209","NXQ"
"210","NXR"
"211","NTX"
"212","NIQ"
"213","JMT"
"214","OAK"
"215","GHY"
"216","ISD"
"217","PCK"
"218","PCI"
"219","PDI"
"220","PHK"
"221","PMF"
"222","PML"
"223","PMX"
"224","PNI"
"225","PYN"
"226","RCS"
"227","MAV"
"228","PMM"
"229","PIM"
"230","PMO"
"231","PZN"
"232","KSM"
"233","SCM"
"234","TSI"
"235","THQ"
"236","THW"
"237","GIM"
"238","GRX"
"239","GDL"
"240","TSLX"
"241","TPVG"
"242","BIF"
"243","IHD"
"244","WDR"
"245","WEA"
"246","EHI"
"247","HIX"
"248","HIO"
"249","HYI"
"250","SBI"
"251","PAI"
"252","MMU"
"253","DMO"
"254","MHF"
"255","MNP"
"256","ABM"
"257","AXR"
"258","ARC"
"259","BAH"
"260","FIS"
"261","FCN"
"262","G"
"263","GPN"
"264","IRM"
"265","MMS"
"266","NCI"
"267","RBA"
"268","ROL"
"269","SERV"
"270","SRT"
"271","WP"
"272","AKR"
"273","ADC"
"274","AAT"
"275","EPR"
"276","FRT"
"277","GTY"
"278","KIM"
"279","KREF"
"280","NNN"
"281","O"
"282","RPT"
"283","SPG"
"284","WSR"
"285","EPAM"
"286","IT"
"287","GLOB"
"288","INFY"
"289","LDOS"
"290","RAMP"
"291","UIS"
"292","WIT"
"293","XRX"
"294","EBF"
"295","HNI"
"296","SCS"
"297","ATV"
"298","AAP"
"299","AZO"
"300","BNED"
"301","BKS"
"302","BJ"
"303","DKS"
"304","GME"
"305","GPC"
"306","HUD"
"307","HZO"
"308","MUSA"
"309","SBH"
"310","VSI"
"311","AYI"
"312","APH"
"313","AUO"
"314","GLW"
"315","ENS"
"316","HUBB"
"317","NVT"
"318","ROG"
"319","GOLF"
"320","ELY"
"321","CCL"
"322","CUK"
"323","DVD"
"324","NCLH"
"325","PLNT"
"326","RCL"
"327","SEAS"
"328","ADM"
"329","LND"
"330","ALSN"
"331","MLR"
"332","SMP"
"333","WBC"
"334","ALLE"
"335","BRC"
"336","BPI"
"337","DL"
"338","ADSW"
"339","CLH"
"340","DAR"
"341","RSG"
"342","WCN"
"343","WM"
"344","CTB"
"345","APD"
"346","ASH"
"347","BAK"
"348","FF"
"349","LXU"
"350","REX"
"351","SQM"
"352","VSM"
"353","WLKP"
"354","AMRC"
"355","AGX"
"356","FIX"
"357","EMP"
"358","PBC"
"359","AEG"
"360","AIZP"
"361","ATH"
"362","GNW"
"363","KMPR"
"364","ORI"
"365","CALX"
"366","CIEN"
"367","HRS"
"368","HPE"
"369","JNPR"
"370","MSI"
"371","NOK"
"372","VCRA"
"373","AFL"
"374","IHC"
"375","MET"
"376","PRI"
"377","NLY"
"378","ARI"
"379","ABR"
"380","ACRE"
"381","BXMT"
"382","CIM"
"383","CLPR"
"384","CCI"
"385","EPRT"
"386","XAN"
"387","AJX"
"388","HASI"
"389","IVR"
"390","JBGS"
"391","LADR"
"392","PMT"
"393","PSB"
"394","STWD"
"395","STOR"
"396","VER"
"397","VICI"
"398","WPC"
"399","DE"
"400","A"
"401","CRL"
"402","AU"
"403","GOLD"
"404","HMY"
"405","KL"
"406","SA"
"407","SBGL"
"408","GGB"
"409","SID"
"410","NUE"
"411","AZUL"
"412","GOL"
"413","SAVE"
"414","AIN"
"415","ALB"
"416","ECL"
"417","NGVT"
"418","IFF"
"419","LIN"
"420","NEU"
"421","PPG"
"422","KWR"
"423","RPM"
"424","SHW"
"425","SCL"
"426","ACH"
"427","ARE"
"428","BXP"
"429","DLR"
"430","EQC"
"431","LPT"
"432","CLI"
"433","NRE"
"434","TIER"
"435","AQN"
"436","NRG"
"437","ORA"
"438","TAC"
"439","DYNC"
"440","VST"
"441","Y"
"442","ARGO"
"443","ATI"
"444","BRSS"
"445","GHM"
"446","CGC"
"447","RDY"
"448","AEE"
"449","AEP"
"450","EBR"
"451","CMS"
"452","CPL"
"453","DTE"
"454","DUK"
"455","EVRG"
"456","ES"
"457","FTS"
"458","HE"
"459","IDA"
"460","KEN"
"461","NEE"
"462","OGE"
"463","PNW"
"464","PNM"
"465","POR"
"466","PPL"
"467","WEC"
"468","AXP"
"469","BBDC"
"470","DFS"
"471","GSBD"
"472","GDOT"
"473","MA"
"474","ONDK"
"475","IX"
"476","PPDF"
"477","TSS"
"478","V"
"479","WU"
"480","EFC"
"481","ESNT"
"482","HTGC"
"483","PFSI"
"484","SC"
"485","AYX"
"486","CDAY"
"487","HUBS"
"488","LXFT"
"489","MFGP"
"490","PAR"
"491","PAYC"
"492","RHT"
"493","RNG"
"494","RST"
"495","SMAR"
"496","SQ"
"497","DATA"
"498","TWLO"
"499","WK"
"500","ZEN"
"501","PM"
"502","PYX"
"503","TPB"
"504","CCU"
"505","CNK"
"506","DLB"
"507","LYV"
"508","MCS"
"509","MSGN"
"510","DIS"
"511","WWE"
"512","AIV"
"513","AVB"
"514","CPT"
"515","CHMI"
"516","EARN"
"517","ELS"
"518","EQR"
"519","ESS"
"520","NXRT"
"521","SUI"
"522","UDR"
"523","BPL"
"524","CEQP"
"525","DKL"
"526","MLP"
"527","SAFE"
"528","XIN"
"529","AWR"
"530","CWT"
"531","SBS"
"532","CF"
"533","UAN"
"534","ICL"
"535","MOS"
"536","NTR"
"537","COLD"
"538","EGP"
"539","IIPR"
"540","JCAP"
"541","REXR"
"542","ATO"
"543","CNP"
"544","NWN"
"545","OGS"
"546","SWX"
"547","SR"
"548","TGS"
"549","UGI"
"550","ABC"
"551","CAH"
"552","FLO"
"553","GIS"
"554","HRL"
"555","SJM"
"556","LW"
"557","MKC"
"558","NOMD"
"559","POST"
"560","THS"
"561","BSM"
"562","COG"
"563","CHKR"
"564","CEO"
"565","CXO"
"566","COP"
"567","CRT"
"568","AXE"
"569","MSM"
"570","GWW"
"571","WCC"
"572","ANTM"
"573","CI"
"574","MOH"
"575","AON"
"576","AJG"
"577","APY"
"578","WHD"
"579","CELP"
"580","APLE"
"581","BHR"
"582","CLDT"
"583","CHSP"
"584","BLL"
"585","BMS"
"586","IPHI"
"587","MXL"
"588","NPTN"
"589","TSM"
"590","ARCO"
"591","CMG"
"592","DRI"
"593","DIN"
"594","MCD"
"595","YUM"
"596","ARCH"
"597","CCR"
"598","NC"
"599","NRP"
"600","EBS"
"601","DHT"
"602","LPG"
"603","AFI"
"604","AWI"
"605","CPAC"
"606","CBPX"
"607","LOMA"
"608","MDU"
"609","TREX"
"610","USG"
"611","ARW"
"612","ABG"
"613","BBT"
"614","CBU"
"615","FBP"
"616","FRC"
"617","MTB"
"618","OFG"
"619","PNC"
"620","PB"
"621","USB"
"622","AC"
"623","FDS"
"624","OPY"
"625","TRI"
"626","AGO"
"627","EIG"
"628","MTG"
"629","RDN"
"630","BDX"
"631","CIG"
"632","ELP"
"633","CZZ"
"634","EXC"
"635","FE"
"636","NWE"
"637","AES"
"638","AVP"
"639","CHD"
"640","CLX"
"641","BAC"
"642","BMO"
"643","BNS"
"644","CM"
"645","JPM"
"646","MUFG"
"647","RY"
"648","SMFG"
"649","TD"
"650","BBD"
"651","BBDO"
"652","BSBR"
"653","ITUB"
"654","HF"
"655","LEJU"
"656","DHI"
"657","MDC"
"658","MHO"
"659","PHM"
"660","TOL"
"661","BEL"
"662","KNX"
"663","SNDR"
"664","BHP"
"665","BBL"
"666","BVN"
"667","CCJ"
"668","CLF"
"669","BURL"
"670","DG"
"671","WMT"
"672","RGA"
"673","RNR"
"674","ECT"
"675","EC"
"676","CAPL"
"677","CVI"
"678","BFAM"
"679","HRB"
"680","RGS"
"681","SCI"
"682","BKD"
"683","CIC"
"684","FPAC"
"685","GIG"
"686","GSAH"
"687","LGC"
"688","LHC"
"689","MOSC"
"690","OMAD"
"691","RWGE"
"692","IPOA"
"693","TPGH"
"694","DECK"
"695","HOG"
"696","MPX"
"697","GIL"
"698","OXM"
"699","RL"
"700","UAA"
"701","VFC"
"702","CP"
"703","NSC"
"704","UNP"
"705","USDP"
"706","DEO"
"707","CCO"
"708","CLW"
"709","KO"
"710","CCEP"
"711","KDP"
"712","CHCT"
"713","HCP"
"714","LTC"
"715","MPW"
"716","OHI"
"717","DOC"
"718","WELL"
"719","CBD"
"720","KSS"
"721","JWN"
"722","FN"
"723","SNE"
"724","GATX"
"725","HTZ"
"726","TRTN"
"727","MNK"
"728","TAK"
"729","ZTS"
"730","HEI"
"731","NPK"
"732","TDG"
"733","JEC"
"734","JCI"
"735","KBR"
"736","PWR"
"737","STN"
"738","TPC"
"739","HSC"
"740","MTRN"
"741","NEXA"
"742","RIO"
"743","VALE"
"744","VEDL"
"745","GEL"
"746","GLP"
"747","HESM"
"748","HEP"
"749","MPLX"
"750","NS"
"751","OMP"
"752","PBFX"
"753","SGU"
"754","TGE"
"755","TCP"
"756","EOG"
"757","GNE"
"758","GPRK"
"759","HES"
"760","JAG"
"761","MGY"
"762","MUR"
"763","NFG"
"764","OXY"
"765","ROYT"
"766","PARR"
"767","RRC"
"768","SJT"
"769","PER"
"770","SBOW"
"771","SWN"
"772","VOC"
"773","WPM"
"774","KMB"
"775","PG"
"776","REV"
"777","XOM"
"778","PTR"
"779","PBR"
"780","YPF"
"781","PACD"
"782","GTN"
"783","TGNA"
"784","TRCO"
"785","EVA"
"786","NVTA"
"787","IQV"
"788","PKI"
"789","TMO"
"790","ASR"
"791","ESE"
"792","HMI"
"793","KEYS"
"794","TDY"
"795","LZB"
"796","TPX"
"797","UPS"
"798","VEEV"
"799","FSS"
"800","FI"
"801","HLX"
"802","LBRT"
"803","NINE"
"804","NRT"
"805","DNOW"
"806","PUMP"
"807","RES"
"808","SOI"
"809","USAC"
"810","GDDY"
"811","INXN"
"812","JT"
"813","SSTK"
"814","YELP"
"815","GM"
"816","HMC"
"817","NIO"
"818","TM"
"819","SUN"
"820","UGP"
"821","INT"
"822","HVT"
"823","HD"
"824","LOW"
"825","WWW"
"826","FCPT"
"827","MGP"
"828","PK"
"829","FC"
"830","GHC"
"831","LRN"
"832","UTI"
"833","HBM"
"834","FRO"
"835","GLOG"
"836","HMLP"
"837","KEX"
"838","KNOP"
"839","MATX"
"840","NVGS"
"841","NAT"
"842","SSW"
"843","SFL"
"844","TGP"
"845","TNK"
"846","TNP"
"847","RFP"
"848","VRS"
"849","GKOS"
"850","GNC"
"851","OI"
"852","SON"
"853","HCI"
"854","MCY"
"855","PRA"
"856","PGR"
"857","UVE"
"858","WRB"
"859","IBN"
"860","HSY"
"861","MGM"
"862","HY"
"863","OSK"
"864","NSP"
"865","IPG"
"866","OMC"
"867","VSLR"
"868","KMT"
"869","NGVC"
"870","LNN"
"871","MSA"
"872","PFGC"
"873","SYY"
"874","CJJD"
"875","WBA"
"876","ANAT"
"877","AMSF"
"878","AFH"
"879","CINF"
"880","EMCI"
"881","HALL"
"882","KNSL"
"883","NMIH"
"884","SIGI"
"885","STFC"
"886","NAVG"
"887","ABDC"
"888","ARCC"
"889","BKCC"
"890","CSWC"
"891","CPTA"
"892","FDUS"
"893","GLAD"
"894","GLADN"
"895","GAINL"
"896","GAINM"
"897","GBDC"
"898","GEC"
"899","HCAP"
"900","HRZN"
"901","KCAP"
"902","OCSI"
"903","OFS"
"904","OCCI"
"905","OXLC"
"906","OXLCM"
"907","OXLCO"
"908","PNNT"
"909","PSEC"
"910","SLRC"
"911","SUNS"
"912","TZACU"
"913","VCTR"
"914","FLWS"
"915","AMZN"
"916","ETSY"
"917","FIVE"
"918","LQDT"
"919","MELI"
"920","ODP"
"921","ORLY"
"922","QRTEA"
"923","QRTEB"
"924","RMBL"
"925","SECO"
"926","TSCO"
"927","TA"
"928","ULTA"
"929","WINA"
"930","ZUMZ"
"931","ACNB"
"932","AMAL"
"933","ASRV"
"934","AROW"
"935","BCTF"
"936","BFC"
"937","BMRC"
"938","BKSC"
"939","BANR"
"940","BCML"
"941","BHBK"
"942","BFST"
"943","CBNK"
"944","CCBG"
"945","CART"
"946","CARE"
"947","CBMB"
"948","CBTX"
"949","CFBK"
"950","CNBKA"
"951","CZNC"
"952","CIZN"
"953","CHCO"
"954","CIVBP"
"955","CBAN"
"956","CLBK"
"957","CBSH"
"958","CBSHP"
"959","CFBI"
"960","CVBF"
"961","DNBF"
"962","ESBK"
"963","FBSS"
"964","FFBW"
"965","FDBC"
"966","LION"
"967","FITBI"
"968","FNLC"
"969","FCNCA"
"970","FCBC"
"971","FFIN"
"972","THFF"
"973","FIBK"
"974","FNCB"
"975","FSBC"
"976","FULT"
"977","FVCB"
"978","GBCI"
"979","GLBZ"
"980","GFED"
"981","HBK"
"982","HWBK"
"983","HMTA"
"984","HTBI"
"985","HBAN"
"986","HBANO"
"987","HVBC"
"988","IBKC"
"989","IBKCO"
"990","IBKCP"
"991","INDB"
"992","LTXB"
"993","LEVL"
"994","MBTF"
"995","MGYR"
"996","MELR"
"997","MRBK"
"998","MVBF"
"999","NBTB"
"1000","NCBS"
"1001","NWFL"
"1002","ONB"
"1003","OSBC"
"1004","ORIT"
"1005","OTTW"
"1006","PCSB"
"1007","PFIS"
"1008","PBCTP"
"1009","BPOP"
"1010","RBCAA"
"1011","RIVE"
"1012","SBFGP"
"1013","SVBI"
"1014","BSRR"
"1015","SBSI"
"1016","STXB"
"1017","STND"
"1018","TCBIP"
"1019","TFSL"
"1020","FBMS"
"1021","TCBK"
"1022","TSCAP"
"1023","TRMK"
"1024","UBOH"
"1025","VBFC"
"1026","WCFB"
"1027","WEBK"
"1028","WABC"
"1029","WTFCM"
"1030","CDW"
"1031","CSPI"
"1032","FORTY"
"1033","INOD"
"1034","PSDO"
"1035","SGLB"
"1036","BAND"
"1037","CTXS"
"1038","COUP"
"1039","CYBR"
"1040","EVOP"
"1041","FIVN"
"1042","IIIV"
"1043","LPSN"
"1044","MSFT"
"1045","MNDO"
"1046","OKTA"
"1047","PYDS"
"1048","SPNS"
"1049","ULTI"
"1050","ZS"
"1051","ASFI"
"1052","ATLC"
"1053","CPSS"
"1054","CACC"
"1055","DNJR"
"1056","MFIN"
"1057","MOGO"
"1058","NICK"
"1059","OCSL"
"1060","PYPL"
"1061","SNFCA"
"1062","SLMBP"
"1063","WRLD"
"1064","TPNL"
"1065","ADP"
"1066","CATM"
"1067","CLCT"
"1068","EEFT"
"1069","EXLS"
"1070","EXPO"
"1071","FISV"
"1072","FORR"
"1073","HMSY"
"1074","HURN"
"1075","INFO"
"1076","III"
"1077","IMXI"
"1078","JKHY"
"1079","PAYX"
"1080","RECN"
"1081","HCKT"
"1082","VRSK"
"1083","DLHC"
"1084","HSII"
"1085","KELYA"
"1086","KELYB"
"1087","KFRC"
"1088","PIXY"
"1089","ATNI"
"1090","WIFI"
"1091","GLIBA"
"1092","GLIBP"
"1093","GOGO"
"1094","IRDM"
"1095","IRDMB"
"1096","NIHD"
"1097","OTEL"
"1098","PTNR"
"1099","PDVW"
"1100","SBAC"
"1101","SHEN"
"1102","TMUS"
"1103","AAON"
"1104","CSTE"
"1105","CCCL"
"1106","BBCP"
"1107","ROCK"
"1108","TGLS"
"1109","TGEN"
"1110","USLM"
"1111","ACAD"
"1112","ACST"
"1113","XLRN"
"1114","ACER"
"1115","ACHN"
"1116","ADMA"
"1117","AEZS"
"1118","AFMD"
"1119","AGEN"
"1120","AIMT"
"1121","AKTX"
"1122","AKCA"
"1123","ALDX"
"1124","ALXN"
"1125","ALLK"
"1126","AMRN"
"1127","ANAB"
"1128","ANIK"
"1129","AGTC"
"1130","PETX"
"1131","ABIO"
"1132","ARNA"
"1133","ARGX"
"1134","ARRY"
"1135","ARWR"
"1136","ARVN"
"1137","ASND"
"1138","ATRA"
"1139","ATHX"
"1140","AUPH"
"1141","AUTL"
"1142","CDMO"
"1143","CDMOP"
"1144","AXSM"
"1145","BCRX"
"1146","BDSI"
"1147","BFRA"
"1148","BMRN"
"1149","BSTC"
"1150","TECH"
"1151","BPMC"
"1152","CALA"
"1153","CBMG"
"1154","CERC"
"1155","CSBR"
"1156","CKPT"
"1157","CHMA"
"1158","CMTA"
"1159","CDXS"
"1160","CLGN"
"1161","CGEN"
"1162","CRBP"
"1163","CRNX"
"1164","CYCCP"
"1165","DNLI"
"1166","DERM"
"1167","DRNA"
"1168","EIGR"
"1169","ENOB"
"1170","ESPR"
"1171","EVFM"
"1172","EXEL"
"1173","EYPT"
"1174","FATE"
"1175","FTSV"
"1176","GLPG"
"1177","GBT"
"1178","GRTS"
"1179","HALO"
"1180","FIXX"
"1181","ICCC"
"1182","IMMP"
"1183","IMV"
"1184","INCY"
"1185","IFRX"
"1186","INVA"
"1187","INO"
"1188","NTEC"
"1189","ICPT"
"1190","NVIV"
"1191","IONS"
"1192","KALV"
"1193","KMDA"
"1194","KZR"
"1195","KIN"
"1196","KNSA"
"1197","KRYS"
"1198","LQDA"
"1199","MNKD"
"1200","MNOV"
"1201","MGTX"
"1202","MACK"
"1203","MESO"
"1204","NERV"
"1205","MRTX"
"1206","MTEM"
"1207","MYOK"
"1208","NSTG"
"1209","NBIX"
"1210","NVAX"
"1211","OBSV"
"1212","OPNT"
"1213","OSIR"
"1214","OTLK"
"1215","PDLI"
"1216","PLXP"
"1217","PRQR"
"1218","PTGX"
"1219","PTI"
"1220","PTCT"
"1221","QTRX"
"1222","RARX"
"1223","RETA"
"1224","REPH"
"1225","REGN"
"1226","RGEN"
"1227","TORC"
"1228","RIGL"
"1229","SRPT"
"1230","SRRK"
"1231","SGEN"
"1232","SIGA"
"1233","SVA"
"1234","SLGL"
"1235","SNGX"
"1236","SBPH"
"1237","SBBP"
"1238","TRPX"
"1239","TBPH"
"1240","TOCA"
"1241","TYME"
"1242","UTHR"
"1243","URGN"
"1244","VNDA"
"1245","VCYT"
"1246","VCEL"
"1247","VRTX"
"1248","VICL"
"1249","VKTX"
"1250","VTGN"
"1251","VTVT"
"1252","WVE"
"1253","XBIT"
"1254","XNCR"
"1255","XENE"
"1256","XERS"
"1257","XTLB"
"1258","YMAB"
"1259","ZEAL"
"1260","DWSH"
"1261","ASRVP"
"1262","RILYG"
"1263","RILYH"
"1264","RILYI"
"1265","RILYL"
"1266","RILYZ"
"1267","BANFP"
"1268","DFVL"
"1269","DFVS"
"1270","DLBS"
"1271","DTUS"
"1272","DTYL"
"1273","DTYS"
"1274","FLAT"
"1275","STPP"
"1276","TAPR"
"1277","BRPAR"
"1278","CRUSC"
"1279","CSWCL"
"1280","CPTAG"
"1281","CPTAL"
"1282","CBOE"
"1283","CELGZ"
"1284","YLDE"
"1285","COWNL"
"1286","COWNZ"
"1287","DGLD"
"1288","DSLV"
"1289","GLDI"
"1290","TVIX"
"1291","VIIX"
"1292","EVGBC"
"1293","EVSTC"
"1294","EVLMC"
"1295","OKDCC"
"1296","EBAYL"
"1297","VBND"
"1298","INBKL"
"1299","FBZ"
"1300","FCAL"
"1301","FTCS"
"1302","RNEM"
"1303","FEMB"
"1304","FTSM"
"1305","HYLS"
"1306","FLN"
"1307","LMBS"
"1308","FMB"
"1309","MDIV"
"1310","MCEF"
"1311","FMHI"
"1312","TDIV"
"1313","FTSL"
"1314","FDIV"
"1315","FIXD"
"1316","RNDV"
"1317","SKOR"
"1318","LKOR"
"1319","MBSD"
"1320","ESG"
"1321","MOGLC"
"1322","KRMA"
"1323","BFIT"
"1324","ALTY"
"1325","YLCO"
"1326","GMLPP"
"1327","HWCPL"
"1328","SNLN"
"1329","HBANN"
"1330","PLW"
"1331","PKW"
"1332","PFM"
"1333","PUI"
"1334","KBWP"
"1335","LDRI"
"1336","ISEM"
"1337","PSCU"
"1338","VRIG"
"1339","PHO"
"1340","SLQD"
"1341","ISHG"
"1342","SHY"
"1343","IEI"
"1344","IEF"
"1345","USIG"
"1346","ISTB"
"1347","IUSV"
"1348","IUSB"
"1349","SUSB"
"1350","SUSC"
"1351","FALN"
"1352","GNMA"
"1353","HYXE"
"1354","IGIB"
"1355","IGOV"
"1356","EMB"
"1357","MBB"
"1358","EWZS"
"1359","QAT"
"1360","AMCA"
"1361","EMIF"
"1362","ICLN"
"1363","SHV"
"1364","IGSB"
"1365","IVFVC"
"1366","LMRKN"
"1367","LMRKO"
"1368","LMRKP"
"1369","INFR"
"1370","LVHD"
"1371","MFINL"
"1372","MRCCL"
"1373","NEWTZ"
"1374","NVCR"
"1375","OCSLL"
"1376","OSBCP"
"1377","OXSQL"
"1378","VETS"
"1379","BPOPM"
"1380","BPOPN"
"1381","PSET"
"1382","USMC"
"1383","ZBIO"
"1384","SQQQ"
"1385","BIS"
"1386","SCAC"
"1387","GCVRZ"
"1388","SOHOK"
"1389","SBLKZ"
"1390","HNDL"
"1391","TCBIL"
"1392","OLD"
"1393","TANNI"
"1394","TANNL"
"1395","TANNZ"
"1396","PPH"
"1397","VWOB"
"1398","VCIT"
"1399","VGIT"
"1400","VCLT"
"1401","VGLT"
"1402","VMBS"
"1403","VONV"
"1404","VCSH"
"1405","VTIP"
"1406","VGSH"
"1407","BND"
"1408","VTC"
"1409","BNDX"
"1410","BNDW"
"1411","VSDA"
"1412","CDL"
"1413","VSMV"
"1414","AGND"
"1415","EMCB"
"1416","HYZD"
"1417","AGZD"
"1418","GULF"
"1419","HYND"
"1420","DGRW"
"1421","ACIA"
"1422","AIRG"
"1423","ALLT"
"1424","ARRS"
"1425","AUDC"
"1426","CRNT"
"1427","CSCO"
"1428","CLFD"
"1429","DZSI"
"1430","ERIC"
"1431","FNSR"
"1432","FEIM"
"1433","GILT"
"1434","HLIT"
"1435","INSG"
"1436","IIJI"
"1437","ITRN"
"1438","LTRX"
"1439","LORL"
"1440","OCC"
"1441","PNTR"
"1442","QTRH"
"1443","RNET"
"1444","UBNT"
"1445","VIAV"
"1446","ARAY"
"1447","ACRX"
"1448","CSII"
"1449","CNMD"
"1450","ESTA"
"1451","PODD"
"1452","IRMD"
"1453","LIVN"
"1454","MSON"
"1455","BABY"
"1456","NUVA"
"1457","NVTR"
"1458","OFIX"
"1459","KIDS"
"1460","PAVM"
"1461","RTIX"
"1462","SPNE"
"1463","SRTS"
"1464","TCMD"
"1465","TNDM"
"1466","WMGI"
"1467","ZYXI"
"1468","CDEV"
"1469","FANG"
"1470","DMLP"
"1471","FLMN"
"1472","ISRL"
"1473","PNRG"
"1474","TELL"
"1475","ADUS"
"1476","AMED"
"1477","AVCO"
"1478","BIOS"
"1479","CATS"
"1480","LHCG"
"1481","AMCI"
"1482","ANIX"
"1483","BEAT"
"1484","BRKR"
"1485","CDNA"
"1486","CELC"
"1487","DXCM"
"1488","NDRA"
"1489","EXAS"
"1490","FLDM"
"1491","GHDX"
"1492","ICLR"
"1493","ILMN"
"1494","IDXG"
"1495","LNTH"
"1496","MEDP"
"1497","VIVO"
"1498","NRC"
"1499","NEO"
"1500","OXFD"
"1501","PACB"
"1502","PRAH"
"1503","SRDX"
"1504","AGRX"
"1505","AMPH"
"1506","AQXP"
"1507","ATXI"
"1508","CRON"
"1509","CPIX"
"1510","ENDP"
"1511","EVOK"
"1512","HZNP"
"1513","LPCN"
"1514","MYOS"
"1515","PCRX"
"1516","PETQ"
"1517","TLRY"
"1518","ACIW"
"1519","AGMH"
"1520","ALRM"
"1521","APPF"
"1522","TEAM"
"1523","ATTU"
"1524","AEYE"
"1525","ADSK"
"1526","BNFT"
"1527","EPAY"
"1528","CDNS"
"1529","CHKP"
"1530","CSOD"
"1531","APPS"
"1532","DOMO"
"1533","EVBG"
"1534","FEYE"
"1535","FTNT"
"1536","ICAD"
"1537","INTU"
"1538","MJCO"
"1539","MTLS"
"1540","MITK"
"1541","MOBL"
"1542","MDB"
"1543","MYSZ"
"1544","NATI"
"1545","NTWK"
"1546","NICE"
"1547","NUAN"
"1548","PCYG"
"1549","PCTY"
"1550","PHUN"
"1551","PS"
"1552","RPD"
"1553","SCWX"
"1554","SSTI"
"1555","SPLK"
"1556","SPSC"
"1557","SNCR"
"1558","SNPS"
"1559","TTD"
"1560","WDAY"
"1561","ZIXI"
"1562","ACMR"
"1563","AMBA"
"1564","CAMT"
"1565","KLAC"
"1566","PLAB"
"1567","RBCN"
"1568","TER"
"1569","OLED"
"1570","XPER"
"1571","AVID"
"1572","CYOU"
"1573","GLUU"
"1574","GRVY"
"1575","NCTY"
"1576","PCMI"
"1577","TAIT"
"1578","SGH"
"1579","CVGI"
"1580","DORM"
"1581","THRM"
"1582","MNRO"
"1583","MPAA"
"1584","STRT"
"1585","ADES"
"1586","CECE"
"1587","ERII"
"1588","FTEK"
"1589","HCCI"
"1590","PPIH"
"1591","AMSC"
"1592","BELFB"
"1593","DSWL"
"1594","WIRE"
"1595","IVAC"
"1596","NSYS"
"1597","OIIM"
"1598","OSIS"
"1599","PPSI"
"1600","REFR"
"1601","RFIL"
"1602","AMD"
"1603","ADI"
"1604","AVGO"
"1605","IMOS"
"1606","CREE"
"1607","DIOD"
"1608","DSPG"
"1609","FORM"
"1610","IDTI"
"1611","INTC"
"1612","LSCC"
"1613","MLNX"
"1614","PXLW"
"1615","QCOM"
"1616","QTNA"
"1617","SMTC"
"1618","XLNX"
"1619","GLDD"
"1620","IESC"
"1621","NVEE"
"1622","STRL"
"1623","TTEK"
"1624","WLDN"
"1625","GPRE"
"1626","HWKN"
"1627","WDFC"
"1628","ALQA"
"1629","OASM"
"1630","AVAV"
"1631","AOBC"
"1632","CODA"
"1633","ESLT"
"1634","CYBE"
"1635","GRMN"
"1636","ISNS"
"1637","LRAD"
"1638","LUNA"
"1639","MINDP"
"1640","NOVT"
"1641","SMIT"
"1642","TRNS"
"1643","TRMB"
"1644","AGNCB"
"1645","NYMT"
"1646","MBII"
"1647","CHRW"
"1648","EXPD"
"1649","FWRD"
"1650","OMAB"
"1651","FLNT"
"1652","ISIG"
"1653","MCHX"
"1654","NCMI"
"1655","SHSP"
"1656","ATRS"
"1657","ATRI"
"1658","MASI"
"1659","MBOT"
"1660","PDEX"
"1661","STAA"
"1662","SSKN"
"1663","ALCO"
"1664","CHSCL"
"1665","CHSCM"
"1666","CHSCO"
"1667","CHSCP"
"1668","SAVE"
"1669","UAL"
"1670","AREC"
"1671","LNT"
"1672","XEL"
"1673","GOOG"
"1674","GOOGL"
"1675","ANGI"
"1676","BILI"
"1677","CARG"
"1678","CCIH"
"1679","IAC"
"1680","IZEA"
"1681","LEXEA"
"1682","LEXEB"
"1683","LTRPA"
"1684","LTRPB"
"1685","MTCH"
"1686","QNST"
"1687","SYNC"
"1688","MEET"
"1689","TRUE"
"1690","TCX"
"1691","VRSN"
"1692","WIX"
"1693","BLDP"
"1694","CSWI"
"1695","FELE"
"1696","HOLI"
"1697","JASN"
"1698","KRNT"
"1699","NDSN"
"1700","RAVN"
"1701","TAYD"
"1702","XONE"
"1703","MIDD"
"1704","TRS"
"1705","ZBRA"
"1706","BKEPP"
"1707","MMLP"
"1708","VNOM"
"1709","AMRK"
"1710","BGCP"
"1711","COWN"
"1712","LPLA"
"1713","MKTX"
"1714","NHLD"
"1715","SIEB"
"1716","AMTD"
"1717","VIRT"
"1718","ITIC"
"1719","CSSEP"
"1720","DHXM"
"1721","SSP"
"1722","FOX"
"1723","FOXA"
"1724","NXST"
"1725","UHAL"
"1726","GFNCP"
"1727","RCII"
"1728","WLFC"
"1729","TREE"
"1730","MMAC"
"1731","GLPI"
"1732","GOOD"
"1733","GOODM"
"1734","GOODO"
"1735","GOODP"
"1736","LAMR"
"1737","ATAI"
"1738","LINC"
"1739","STRA"
"1740","FORK"
"1741","SNBR"
"1742","LOVE"
"1743","CRMT"
"1744","AAPL"
"1745","IRBT"
"1746","VIOT"
"1747","DGLY"
"1748","KTOS"
"1749","MAGS"
"1750","NSSC"
"1751","VRRM"
"1752","WRTC"
"1753","CWST"
"1754","SMED"
"1755","ECOL"
"1756","VTNR"
"1757","GTLS"
"1758","NWPX"
"1759","HTLD"
"1760","ODFL"
"1761","PTSI"
"1762","PATI"
"1763","ULH"
"1764","ACGL"
"1765","ESGRP"
"1766","GSHD"
"1767","FOXF"
"1768","MBUU"
"1769","BLMN"
"1770","CBRL"
"1771","PLAY"
"1772","DENN"
"1773","SAUC"
"1774","DNKN"
"1775","LOCO"
"1776","FRSH"
"1777","SBUX"
"1778","TXRH"
"1779","HABT"
"1780","STKS"
"1781","WTRH"
"1782","WEN"
"1783","WING"
"1784","CTWS"
"1785","GWRS"
"1786","MSEX"
"1787","ARTW"
"1788","CMCO"
"1789","CHKE"
"1790","PLCE"
"1791","DXLG"
"1792","DLTH"
"1793","LULU"
"1794","ROST"
"1795","SCVL"
"1796","ALOT"
"1797","INVE"
"1798","MRCY"
"1799","SSYS"
"1800","GWGH"
"1801","GOLD"
"1802","LSXMB"
"1803","SGA"
"1804","UONE"
"1805","UONEK"
"1806","KNDI"
"1807","CLAR"
"1808","EXPE"
"1809","FNKO"
"1810","HAS"
"1811","LIND"
"1812","NCLH"
"1813","SKIS"
"1814","POOL"
"1815","SPWH"
"1816","TRIP"
"1817","TRVG"
"1818","BRID"
"1819","CALM"
"1820","FRPT"
"1821","JJSF"
"1822","LANC"
"1823","NEPT"
"1824","RIBT"
"1825","SAFM"
"1826","SENEA"
"1827","SENEB"
"1828","SMPL"
"1829","YGYI"
"1830","CFFN"
"1831","EFBI"
"1832","ESSA"
"1833","FCAP"
"1834","FNWB"
"1835","HIFS"
"1836","HMNF"
"1837","HFBL"
"1838","HFBC"
"1839","KRNY"
"1840","KFFB"
"1841","NWBI"
"1842","PBHC"
"1843","PBBI"
"1844","PROV"
"1845","WSBF"
"1846","WVFC"
"1847","BPY"
"1848","EXPI"
"1849","FSV"
"1850","LMRK"
"1851","OBAS"
"1852","INTG"
"1853","BPRAP"
"1854","REG"
"1855","CNTY"
"1856","ERI"
"1857","MCRI"
"1858","REGI"
"1859","CSIQ"
"1860","FSLR"
"1861","RUN"
"1862","CPHC"
"1863","CHDN"
"1864","GPIC"
"1865","INSE"
"1866","DRYS"
"1867","EDRY"
"1868","PANL"
"1869","PXS"
"1870","TOPS"
"1871","CTRE"
"1872","CASY"
"1873","IMKTA"
"1874","SFM"
"1875","COKE"
"1876","NBEV"
"1877","WTER"
"1878","COLM"
"1879","CRWS"
"1880","EVK"
"1881","GIII"
"1882","JRSH"
"1883","SGC"
"1884","KALU"
"1885","INOV"
"1886","MTBC"
"1887","MTBCP"
"1888","OMCL"
"1889","OPRX"
"1890","PINC"
"1891","RCM"
"1892","TRHC"
"1893","CTHR"
"1894","CHTR"
"1895","CMCSA"
"1896","HMTV"
"1897","LBRDA"
"1898","LBRDK"
"1899","ROKU"
"1900","MAYS"
"1901","CHNR"
"1902","CMCT"
"1903","CMCTP"
"1904","DISCA"
"1905","DISCB"
"1906","DISCK"
"1907","GNUS"
"1908","BATRA"
"1909","BATRK"
"1910","RDI"
"1911","RDIB"
"1912","VIA"
"1913","VIAB"
"1914","CME"
"1915","SOHO"
"1916","SOHOB"
"1917","CORE"
"1918","WILC"
"1919","HFFG"
"1920","CHEF"
"1921","EHTH"
"1922","ERIE"
"1923","COST"
"1924","FRED"
"1925","OLLI"
"1926","PMTS"
"1927","CROX"
"1928","SLGN"
"1929","UFPT"
"1930","GEOS"
"1931","GIFI"
"1932","KLXE"
"1933","MTRX"
"1934","CSX"
"1935","DJCO"
"1936","EDUC"
"1937","VALU"
"1938","ENSG"
"1939","HELE"
"1940","IPAR"
"1941","LFVN"
"1942","NAII"
"1943","OBCI"
"1944","FAST"
"1945","LAWS"
"1946","TITN"
"1947","PFIN"
"1948","ROLL"
"1949","THST"
"1950","WVVIP"
"1951","PLXS"
"1952","SMTX"
"1953","MAR"
"1954","PEGI"
"1955","TERP"
"1956","NTAP"
"1957","LAND"
"1958","LANDP"
"1959","SELF"
"1960","GLRE"
"1961","HIIQ"
"1962","HSIC"
"1963","JCTCF"
"1964","POPE"
"1965","MDLZ"
"1966","ZEUS"
"1967","SYNL"
"1968","PCAR"
"1969","TTS"
